,business_id,count
0,4JNXUYY8wbaaDmk3BPzlWw,474
1,7sPNbCx7vGAaH7SbNPZ6oA,450
2,RESDUcs7fIiihp38-d6_6g,446
3,K7lWdNUhCbcnEvI0NhGewg,432
4,iCQpiavjjPzJ5_3gPD5Ebg,421
5,UPIYuRaZvknINOd1w8kqRQ,417
6,g8OnV26ywJlZpezdBnOWUQ,416
7,KskYqH1Bi7Z_61pH6Om8pg,413
8,JyxHvtj-syke7m9rbza7mA,375
9,DkYS3arLOhA8si5uUEmHOw,372
10,A5Rkh7UymKm0_Rxm9K2PJw,347
11,yfxDa8RFOvJPQh0rNtakHA,344
12,fL-b760btOaGa85OJ9ut3w,328
13,zdE82PiD6wquvjYLyhOJNA,320
14,P7pxQFqr7yBKMMI2J51udw,320
15,igHYkXZMLAc9UdV5VnR_AA,320
16,j5nPiTwWEFr-VsePew7Sjg,301
17,4k3RlMAMd46DZ_JyZU0lMg,301
18,XXW_OFaYQkkGOGniujZFHg,293
19,cYwJA2A6I12KNkm2rtXd5g,291
20,uW6UHfONAmm8QttPkbMewQ,290
21,2weQS-RnoOBhb1KsHKyoSQ,283
22,3GEEy7RP6e4bT4LAiWFMFQ,277
23,3BCsAgo_1i4xMuTyLKMLRQ,276
24,IMLrj2klosTFvPRLv56cng,274
25,qqs7LP4TXAoOrSlaKRfz3A,274
26,vl2IZrNJEA8npSjqXbdwxw,273
27,l_GV0hgEoTUf70uJVT0_hg,272
28,Cni2l-VKG_pdospJ6xliXQ,269
29,ZibmYdOPKLlqDM9oR6xzOA,267
30,EnCIojgP5KTr1leaysFE3A,263
31,UNI1agsPX2k3eJSJVB91nw,260
32,UYh1N1xQhOh-a7nX92xPzQ,257
33,sNVGdeOPeitJ3OWUQBINzQ,256
34,hIUKufhwR6Ifn7bi0-phLA,255
35,rcaPajgKOJC2vo_l3xa42A,252
36,gTw6PENNGl68ZPUpYWP50A,248
37,-ed0Yc9on37RoIoG2ZgxBA,247
38,QJatAcxYgK1Zp9BRZMAx7g,235
39,sqRX-XLlhx4rs2c1TpBf8A,231
40,rq5dgoksPHkJwJNQKlGQ7w,230
41,ugLqbAvBdRDc-gS4hpslXw,230
42,WRQ-9LluyivReFiQZFUujw,230
43,awI4hHMfa7H0Xf0-ChU5hg,226
44,2iTsRqUsPGRH1li1WVRvKQ,224
45,ujHiaprwCQ5ewziu0Vi9rw,223
46,wX1ORSDKPkA5ftE7F6UONw,223
47,SAIrNOB4PtDA4gziNCucwg,223
48,y8d90Pt16Nip-B5UXWBP-w,221
49,CiYLq33nAyghFkUR15pP-Q,220
50,FvVSy2r7_zDEhZWqLgjXNQ,219
51,Gaq3S9lmjXVcuDCZ8ulppw,218
52,A0X1baHPgw9IiBRivu0G9g,217
53,RwMLuOkImBIqqYj4SSKSPg,214
54,A-uZAD4zP3rRxb44WUGV5w,214
55,gx2yPrOJSwF1ApJYdGBWIw,212
56,Jur1iiejUFw_YCkfDfy1gQ,211
57,NvKNe9DnQavC9GstglcBJQ,210
58,XZbuPXdyA0ZtTu3AzqtQhg,210
59,ZAuAwz1ijuydn5yL3q3rzA,210
60,EAwh1OmG6t6p3nRaZOW_AA,209
61,Ec9CBmL3285XkeHaNp-bSQ,204
62,zcScEL0WEdFkROcnz5379g,201
63,UCpUOtvqR-NBWBNVMzJleA,196
64,1ZnVfS-qP19upP_fwOhZsA,194
65,pHJu8tj3sI8eC5aIHLFEfQ,194
66,umXvdus9LbC6oxtLdXelFQ,193
67,0w3BdEOxvwKTpypwbN5kiQ,192
68,n_K2xa_nqzUqaUJa0S_5tQ,192
69,G-5kEa6E6PD5fkBRuA7k9Q,191
70,zRqi6L1u-YmmVAHjeUbGMQ,191
71,364hhL5st0LV16UcBHRJ3A,190
72,rioQ_p2pILNbJ4Xp5jW6-Q,186
73,3kdSl5mo9dWC4clrQjEDGg,185
74,riFzCvp77DMKDX-5GoTpqA,185
75,I6EDDi4-Eq_XlFghcDCUhw,183
76,hroo5nOO8b9QhHX0GLg7oA,183
77,wuQDMDlqM17jQNo0lYQZ7g,182
78,IZivKqtHyz4-ts8KsnvMrA,182
79,gTlDDzDEHyDQ6iwjNhpI6A,180
80,Vs7gc9EE3k9wARuUcN9piA,179
81,PQER4ba8Q0zqB1G2QiXamQ,179
82,JDZ6_yycNQFTpUZzLIKHUg,177
83,uWECX6-Uq9n8v5ipk9R29A,176
84,El4FC8jcawUVgw_0EIcbaQ,176
85,DzKl51tivGJMLiNsQqf38w,175
86,m5niZy68d2gTtVWz89elfA,175
87,UMqfeCItzQ2glr4d9apGlA,175
88,dEAk-gE-5Q95a7p91gNn8A,173
89,eduRavkml8awmPachSZXuw,172
90,JWDiG0nSsM7GQ9QFRTxU9w,172
91,7sb2FYLS2sejZKxRYF9mtg,171
92,SVGApDPNdpFlEjwRQThCxA,170
93,pQ6e4fjq6kqRqLE6w8CfWQ,169
94,qkyCuFJF2Uboh6n2Lmuwlg,169
95,IhNASEZ3XnBHmuuVnWdIwA,168
96,7ibuDLfx8gEhESAufYIySw,168
97,n8Zqqhff-2cxzWt_nwhU2Q,168
98,LFs5jyYdXlzi0SpAYi1eSA,168
99,OETh78qcgDltvHULowwhJg,168
100,GHS1rVjO-RMcRB6WJLpCDQ,168
101,cJWbbvGmyhFiBpG_5hf5LA,167
102,d_L-rfS1vT3JMzgCUGtiow,167
103,ixAh9crILnJ9tM8LhWFhkw,167
104,vx4YAA02Qz6khRD1fZ1MFA,166
105,Os1n1_idfw9vv9kwULGJnQ,166
106,W8apgXmOxESpoL_EeogC5w,166
107,f4x1YBxkLrZg652xt2KR5g,166
108,82YGtjc5KKikNiqBZ33qzw,162
109,eZcCFV-8X91ZSnmB9807bw,162
110,6tSvz_21BMo3a4GaItwa0g,161
111,zEaGcSVPDQipnRdEZp-F6g,161
112,UV2Jt8slktGu14gLZeNCjA,158
113,KalAJyO0Zpg3K1wVwYXBHA,158
114,IT_4EEIbv6Ox1jBRMyE7pg,154
115,0_aeYE2-VbsZts_UpILgDw,154
116,FQB3VXrWYM_m_XrzwRozAg,152
117,1SqLPgnZEVeVYDM-AuoFhg,152
118,CauQnqZ5eowyrr7oWF_p3Q,152
119,ydcNlRMKs93AQpOhVkSrGQ,152
120,HgdFqAvK31fB9sgBdOzo9g,152
121,QJR4qBUHegWEozSQrGmBPw,152
122,sOYsxYYFl03PhHmz_rBDZQ,150
123,osu1j_Lg8R9brpuMMn3a3A,149
124,DbEszO3wk1xVmN3pCPob2g,149
125,dn_ipqbm7_jUz5X3rDez_A,148
126,C9ImzBi5fn742ZcAYDww2A,148
127,p5rpYtxS5xPQjt3MXYVEwA,148
128,DYAorbxOyubUB_wtQRCdug,148
129,OVTY-NpcTA7iXbMQmusv3A,147
130,y4ETe3DkcIjjr_eyeg5U5g,147
131,VGWEpMEkzQopS5lUNd06Sw,147
132,_w5hBpkjHs5_Hv3pLeHtIw,147
133,2SfSzEd3B7WimeZac23zhg,147
134,H8qpFitIesth86zqR4cwYg,147
135,HQcel0uvg7N7KfhHJChfSQ,146
136,pomGBqfbxcqPv14c3XH-ZQ,146
137,Qihead6oTtWCwde3TBqlGg,145
138,ECOkEVUodMLUxvI0PMI4gQ,145
139,YJ8ljUhLsz6CtT_2ORNFmg,145
140,GJ_bXUPv672YwNg4TneJog,145
141,-IWsoxH7mLJTTpU5MmWY4w,144
142,8olG8J91NG_QU92WHG5QfA,144
143,xkVMIk_Vqh17f48ZQ_6b0w,144
144,VrGI7_nRjXpn0415S3coGQ,144
145,VsewHMsfj1Mgsl2i_hio7w,144
146,HhVmDybpU7L50Kb5A0jXTg,143
147,qVO3l9Q0-KVQE7W9JL9ePw,142
148,OjApDLQUPV8c_yPCg8xZog,142
149,faPVqws-x-5k2CQKDNtHxw,142
150,Z5eukYH32_nFljOTC2DJ0g,142
151,0WoQQlMXVIDEgI0xNdENKA,142
152,LpGCzgAKNSpzDNEUMVVtZA,141
153,VMXl3Dm1Nwvgwo1PVYTXbg,141
154,fHM09_y3QX3n4a_bIFbk_w,141
155,HPLB1Tr8ZB5UkD-2umKPdA,139
156,DkZuVzYuylBanEsWK7mNGw,138
157,ZkGDCVKSdf8m76cnnalL-A,138
158,aD0EslPREWGDlSpD0RMlEg,138
159,K0j_Znzin0jShXVnpvW86A,137
160,RRw9I8pHt5PzgYGT2QeODw,137
161,dKdApYVFDSNYsNOso6NYlA,136
162,LR0qF0FEVsCOhYWUOiH26A,136
163,q-zZgXKAQFLEgMp9ZNllgQ,136
164,f4kNNLU_0q_2J711jCN7dA,135
165,mDR12Hafvr84ctpsV6YLag,135
166,a192hdM0_UVCYLwPJv1Qwg,135
167,pH0BLkL4cbxKzu471VZnuA,134
168,B_WggEKFq-ZFNui8CHPYvA,134
169,bPcqucuuClxYrIM8xWoArg,133
170,Fi-2ruy5x600SX4avnrFuA,133
171,XeDLyY2a7nZ3IEY4RYslXA,132
172,olmCDBoMF-EhN8U2livBSg,132
173,qsJkjQoM3Hdg6Gtqp2S9_w,132
174,YRyYbOSwvHkZsZOLv98oQg,132
175,iA8Ve2sZKN5Vz3mYKrtCaQ,131
176,zpoZ6WyQUYff18-z4ZU1mA,131
177,65eDIQ8bpMJFtgdyX7ulVA,131
178,vl1aHp6pvnSmpoRQShWLjg,131
179,jLxeBgWhLRbII2ACkgH1Sg,131
180,qmymSqVwHYRqdwfcBatzpQ,131
181,QDeB3ZtWYzVJJ0KK-HM-PA,131
182,eR7Iw_X54m3YLWkXp9y35Q,130
183,aT_SsfZ6GQgJGyuIv1Hapw,130
184,kRgAf6j2y1eR0wOFdzFAuw,129
185,Gt4z3AylNTsEPDkzkaC7HA,129
186,6H8xfhoZ2IGa3eNiY5FqLA,129
187,q3dJQtwZQrrurNT-1bNKgQ,128
188,8K3CRM4COa0SSBEvli0fJQ,127
189,H0xkoPI-WwbjY7r-Zt-arw,127
190,O7ot_LMlCfLpOP9tBqeNfw,127
191,k8BqCejnaMlw7aoVthvqyw,126
192,aQ222ydz_GSRZV66xNt4kQ,125
193,zwNC-Ow4eIMan2__bS9-rg,124
194,PXShA3JZMXr2mEH3on5clw,124
195,LYWbyu1EQM2o5hwHG5_Ldg,124
196,GI-CAiZ_Gg3h21PwrANB4Q,124
197,NLEe-RzDSU-5BN6xp_WWCw,123
198,BslEhCyzaQPfpHtDogb4hQ,123
199,kABF0hYfAEnl166mn1zR1A,122
200,eBj_YyJU5jVu6tbZCkdtDA,122
201,RNi6tW22UMgHwWLAb0mYdA,122
202,SwAZBCyFtVo_8vkRbJhdkA,121
203,AtD6B83S4Mbmq0t7iDnUVA,121
204,u-67zd1ImTv3EEr5kIdWrA,120
205,a0v7Si0DK4cIko7AQY4YXg,120
206,BCAw9a_kyx2RddRH9tMmKQ,120
207,UUGoM4q4i8rK2CBRS0xDAw,120
208,FNe5PPA9pyj8FjcDefCBpg,119
209,tQifTiY-vutj8orxcMJKfQ,119
210,7fxebHYUwIF6CakxSr70iQ,119
211,f9sU31meK0bqAD7922sCog,119
212,tsf1JNdeeQf_654YUSrzRw,119
213,4qG3Gh8QyugC1XvoTlmgcQ,119
214,eaNenRk_liZBERFFLCXqqQ,119
215,elqbBhBfElMNSrjFqW3now,118
216,yHYjDPuRtLvhvMpOn5fXOQ,117
217,lTixk1IT-D4hoMZ6LgoyHQ,117
218,5CJL_2-XwCGBmOav4mFdYg,117
219,YuiM5VKscO8rS1EX7f19_g,117
220,diY31IEunbV8MfDh81FS1A,117
221,pd2Xo1WqNic9zxLTVdilGA,116
222,d4qwVw4PcN-_2mK2o1Ro1g,116
223,OJdufUU3hVabgviIBHksYw,116
224,OHFH6ALQqq35NiEbD1eXuw,116
225,v1AE1LLWDOqe8ubOzqKADg,116
226,DESv2ys6SjBKA4SyDtJvxw,116
227,pKk7jCFIm96qDdk0laVT2w,115
228,mmbXj7CmjGbH-wR3j6cD0w,114
229,bpRo8L8dkhgbJhdIKa9mwA,114
230,0NmTwqYEQiKErDv4a55obg,114
231,uUEKndnFbHD8mVkGiirtpA,114
232,hojZyJk1Wf2UE2CpG7cgIg,114
233,gO_z_5FQVHLCiJjOsfE1fg,113
234,FSnqO-YWUdRb0Xc95nXbvw,113
235,jBh399TajGcH28Zo2J1pHw,113
236,Sovgwq-E-n6wLqNh3X_rXg,112
237,MyTsAeShB9pcWP84GSTAdw,112
238,Mh84_j7YmRrAcm0DWV4bUw,111
239,tMdgY7Ou4k3bYZZulJCiuQ,111
240,pLMPpaJ7whp86uL_3ezwMg,111
241,M30I1NPl5JuHthxo1IXPGg,111
242,buTa1akbH0pO_P10v99_eA,110
243,jfmyj519pg2flxGEQ2xdPg,110
244,9edPSkfXKsJmkZYIaOmA7Q,110
245,0CB7YB1qRSWLQvMbHw3Fmw,110
246,7vHvQCjPq5pWj7Rio1A--w,109
247,R3TC2oq8fQK9c9BNMZ-ynA,109
248,P8uECqGqXWTwEndkh-6bQw,109
249,hihud--QRriCYZw1zZvW4g,109
250,yp2nRId4v-bDtrYl5A3F-g,108
251,p3YqOYELqXtLyHz9T49p_w,108
252,Qc0l8rZ3nvrcERitgxu8XA,108
253,DYuOxkW4DtlJsTHdxdXSlg,108
254,S1N5-ZXwR4fUIPs6dLnBYQ,107
255,ewmTwsZqCHH2gvCeDKz0dw,107
256,mY_g1z7iyMHxzpV2mV6IXQ,107
257,--9e1ONYQuAa-CB_Rrw7Tw,107
258,6Vyp-9i1jzwK_bvisuPJpQ,106
259,_8VkSb_Mryb6bHQxSWB7Pg,106
260,N0apJkxIem2E8irTBRKnHw,106
261,PbyqDJf815zRn-7p6vYpAQ,106
262,oEkOj9NXJFrjFn3NBB_jpA,106
263,ygaOvp0PLBYaYeN9cZAlGg,105
264,DB9BRdu7is0AK1DvcuKlcw,105
265,fcWkZgmzRsm3H4egzSrV_A,105
266,VgrFPYtK6HGUEJVc4srpWw,105
267,FMnH5WIRLyexBYMBUUnDxQ,104
268,JPWg9acsCv_om9UFYGMJbA,103
269,hYX0z2C6Th5XmcrKOP31fQ,102
270,M51gw2cz_vXarNBLbKkOxQ,102
271,dWk0mbhj79pK3WBp5oLtpw,102
272,wWuGa3OOQJro_XGe-GKBXA,102
273,TfabYPasZ1oOMN6JLa-yvw,101
274,6xgcHeLad-VaoTIQewK84A,101
275,16tWXenJ1wTqugXJU7yiZg,100
276,J4CATH00YZrq8Bne2S4_cw,100
277,dm6sO_Y8JdKTE1ZM955yug,100
278,-AD5PiuJHgdUcAK-Vxao2A,100
279,Hqs4YNST_ZHbshwyi4bnsQ,100
280,XkvvUNCmLIvOts0OftXegw,100
281,hRZadfm7OEOzk0qjuk8BXg,100
282,ItqPtxnayraXSlBS0EMOgg,99
283,NblDoJBEwhkJyvAuxzh4rg,99
284,fhoFsFK6TqJOEo30LtXeDA,99
285,R_ZlcX46pPdjhjmfd043LA,99
286,nYzCr8fcJ2ci4aiB1-hB6w,99
287,Z1E36owKeeZKDL-9ZuanJw,98
288,Gh1BoQNMGkh91pSHqvDRAA,98
289,1DP5vHxJzCDbgawv0WC3yA,98
290,lOQPeguczAueJnLmDUTfGg,98
291,XgsIf7s2zM-cC29WUD-NZQ,98
292,BOQOuwSNhfKx1xvKtONsBg,98
293,9PIC380tmNYpIC3z5cvcNA,98
294,wpnLPAnkMEb1NpC3xiD_qg,98
295,6Z6IyosSMciZtwk8hRLRag,97
296,T0Uw6vwwfO3el29wBoDamQ,97
297,kYvZZ_aKaKLQKeyms74T2Q,97
298,VaKXUpmWTTWDKbpJ3aQdMw,97
299,zU9w_xRlQSRIYXxGo-HSOA,97
300,hRQS8y-uG2kc8miWVYiLuQ,96
301,z0rSmZQz9eEXjg_C3_E5-g,96
302,ZgWjkMSzIV9fAuJJQXSUvA,96
303,Vg1C_1eqwIwkZLIXGMTW3g,96
304,mUdalYTuAtnZm2K9zoH27Q,96
305,D8a2usm9b-j89W9IrJ_Evw,96
306,WrHu03srbhJAw6bnTIixdw,96
307,7wHLFohwCw8l6WS-feLjeg,96
308,ruPFtD9dU6Cv9_wpzIR4UQ,95
309,HK2Ki-PvnNN-YMTlX1uSVA,95
310,dJF4C707KVhFx1qcRJhlEA,95
311,3vxIqhm2jCVjkUWtmDvTsw,95
312,tMYYSWyTppDcF070Hmy-kQ,94
313,YU2XR_ZY-g2VzDpi7KMzEw,94
314,0zoXYHq82haayMaV952jEQ,94
315,LwQB9H3jZ9wTk24Lr-AnZQ,94
316,0EgYXYjt2XJL4hlsKnzrcw,94
317,Qy_tDaVTWlS14fEglzo1Tg,94
318,N6MzDoao6s68nAIW8vS9dQ,94
319,5T0h9YCsXiDZyBsVIN9gcg,93
320,iPM8BXV6vEVEci8ttsOObQ,93
321,E62l6LwZJ7lKaExcUbrtYw,93
322,T3ASfec34b8-uYr3xZj8Lw,92
323,p8HvhJZ-_EHhmUVmZN15gg,92
324,YZGSNhgTS6YeyUYoivD-Ww,92
325,JpgVl3d20CMRNjf1DVnzGA,92
326,7Xw_vv-ekUL2sTqipnKT0g,92
327,Q5olb1x6FGk2oLAlc9p5Lg,91
328,UpW3jyJ3_kTG7oDSflwnMA,91
329,BnpuVvPy3sfLlkqKCx6Xnw,91
330,VG0nWxGsPixYLsyi49gyxQ,91
331,S_5VQYMMa4aD3NzgYLkvhg,91
332,X8c23dur0ll2D9XTu-I8Qg,91
333,YavRvjbLsvh4DYDJPAfJIA,91
334,7xXaO9deBDh_dd0JQjA-Qg,90
335,nVAJZ6BJ9PPlxDXn976R6A,90
336,jCR-xC4NqoEajjmstqX8sA,90
337,E67gGK8yOn9kkNzx8FzQKA,90
338,svdEhLmNmpVaIv1WLtoOvQ,90
339,qRymrsLmlA34bC8PvNoujg,89
340,ozEDKl0tZw5ob1evx41gcQ,89
341,WETHRoXB2IbixndSlOktJA,89
342,ZOmf-3NN4Z59b2Fw6VAM7g,89
343,Zmfq3DVhHdtVChhSxzoUHw,89
344,AyEtowSGi9vx0-xFfrgjWw,89
345,3cHL1r5w2oLYH-veijtweA,89
346,r8Jr-7YfkhJL2nxk9lxUNg,89
347,gwYt_q3Ob7aQJIefIBsZiQ,89
348,AL5YzikrmxwcBzBNLGO7Jw,88
349,UTXNr62dGSK-tet8OeXUcQ,88
350,zXBrfL_ohYMuBZWvF8EcSA,88
351,KXITXbKuE60WSUDs7NZVLQ,88
352,qG_WEgPa8MBo1dPUOkTMlw,88
353,ahSFUPojs9X3-1jP-QPb-w,87
354,SycXTaA4MeJZuDK4Y1owDQ,87
355,mjhwLcuoenVW8oFhcNmlHA,87
356,TCWMgOiV0PxQkWE1SyBIWQ,87
357,YNDxeeRUARbd8GRnscJSvg,87
358,Tk7qCou7aYv_Z-K3a7NhhA,86
359,ID5wWJ9C7G0hfbQilvlfxA,86
360,OtSbxxD-WNzlNQlDGpXFSA,86
361,dGuVYsA5DMCm_TjSbX6x7g,86
362,Rd11Bosr8JkfoUhZLzpuxg,86
363,eJKnymd0BywNPrJw1IuXVw,86
364,vdOf_NWsct8jr4qYKoE_iw,85
365,Xj7DIGRHEchJ-VVdISazQQ,85
366,19S0gFtg5GTX6CkiApJiAQ,85
367,poYsvuOmVDqF4dTnjJ780A,85
368,ypfFfR3-PbtoslIhohNstw,85
369,jgtWfJCJZty_Nctqpdtp3g,84
370,F0lI9okn4pzmN_iq5UqF7w,84
371,GMrwDXRlAZU2zj5nH6l4vQ,84
372,StNAnvyhVISULAFmO_Ke1Q,84
373,xVEtGucSRLk5pxxN0t4i6g,84
374,sYfHxCqHpIX2HnDhw0JRAA,84
375,iw9p7E4bMe1YW-APcFGjgQ,84
376,1ZJz840L496LAmQdeDv0WA,84
377,Gen0ei06dGq13OJ8DRXUjg,84
378,wKA2y-F_fPcBDOkpzDB9eQ,84
379,SEjyjYlMfFFzkHaru6JadA,84
380,So132GP_uy3XbGs0KNyzyw,84
381,v_yCY6NCwxCPIsNZR80UfQ,83
382,cOJ1uIVIHCiefUyWG2wDfw,83
383,V-0qRzBHKixmQgon_fW_AA,83
384,IVnGPHdTyu_GbLo9mXj98w,83
385,IOEGLxXwCNiq4P-U359D7Q,82
386,wYrkCpUlxhb89nnNGUX4AA,82
387,VKmGedwOk-16D7OawNg_ng,82
388,uGcC3CKAolcwfOTMjjoexQ,82
389,2dCnTMv3Hh-fM8bOjYS4Xw,82
390,CoyeXg8FBsS_d20QzNIy-A,82
391,FYqFfaxVRW6pdviONXIoDw,82
392,UidEFF1WpnU4duev4fjPlQ,81
393,fW7SHgmidc32kHSoyLTM2A,81
394,z5J9U_HU4iVLwaCH6rdC2w,81
395,FfG8twx5K18y268Gp4dSKA,81
396,aNe8ofTYrealxqv7VtFTuw,81
397,y0x795PyDX8JL_oyIaTUiQ,81
398,O3OH5IEFMPtz7mPKakPZ3Q,81
399,oXoVJ0xKv82cBo9U6oEjlQ,81
400,gHoP4eJimaMltfUlp6EP4Q,81
401,MXC9pwIxovWUc9yu1F8OxA,81
402,WO1sgbYB6u6VVcvChanp5g,80
403,saQQmDQQJ14BVkm_sg53UA,80
404,hDL3Q-GNQlOuE04_zWEMJA,80
405,78hGCrQ6wLA2yh8zMywnmw,80
406,S599hCA4kJJO3_b6SRFKoA,80
407,Bm8nRUsZ-dK6g2eJLxMTOw,80
408,ZFyJ83LJkkO1dP82kzXKNg,80
409,Rj-7ymdw8aNZBRqGRAjR3Q,80
410,OFw59czUoeeosFMKfRawmg,80
411,-K82LBrI3H0FVuhTbNDpRA,79
412,jBs2HmEOkqCvdHNnw3N-og,79
413,gBfPyzPRmeOaj3SdcIj0Rw,79
414,h_g5HV6Fw2rinZ3xqFwygw,79
415,u3nwislXMKKwkpHAXAArbQ,79
416,BjH8Xepc10i6OhCDQdX6og,79
417,w12x7UBSSRsdbp3ZqguG3Q,79
418,FhIeCF6QrsLaRvAeu0oEPQ,79
419,WmLTIN4qzZ8SjpPxsPH27Q,78
420,PyrcymoNDAJDm_Zn9yl-7A,78
421,pHA8wyVcrkhI4wQ3mt6NHw,78
422,SqxIx0KbTmCvUlOfkjamew,78
423,DqcD3YflYhArFsC4KVUnOw,78
424,8SwMaPL6AJIs1ZPSZ3NJ4w,78
425,9IpKGHaPy3hhXo9g5Bt7lg,78
426,SZEFE5hL7aN5nM-A44iPwQ,78
427,K7fip0nDFFdCC7OCnNOotQ,77
428,L_ZLtfHvfzfoNVQ0-okTXg,77
429,56Ll9rqG2WxXj4X2pmlkHQ,77
430,nUpz0YiBsOK7ff9k3vUJ3A,77
431,SAfuIUZMXrOnb3LWyvYjDA,77
432,DLJCwHGtbAV31UQ1lnIjlw,77
433,ostVuyoxxQiP3Qik_L7nPA,77
434,yNVcnSaMSrTmjJBMrHTy9w,77
435,-Ylpy3VyRWwubf9dysuwjQ,77
436,698nukvxe7mq2Fra5vDikQ,77
437,UT6L3b7Zll_nvRidijiDSA,77
438,G6BwYw_0_atLPTzI1uokIA,77
439,NQhPS0MUKJgBUB6PTLlmzA,76
440,fQt4D34vcJNtEf8Q4zte3w,76
441,EUWBT5GDxPC95w9itZ1EHw,76
442,wdOOK3K6vzQy1d_OIk-U9w,76
443,CZhc8YXdFLhAI4ViC2ERTg,76
444,HfuIfYB_CxMAAJiEnxDl9w,76
445,4GXII-GU7S0ZyU6ElkhscQ,76
446,OVTZNSkSfbl3gVB9XQIJfw,76
447,PgJgpW4TKQ8IoALH2Yq-zA,76
448,rTS8LsUmNIiXsXydE49tPA,75
449,gtB-1QxTscdPj78UE5sWuQ,75
450,lKH_cqeaeVpHdsO2dK58OA,75
451,sf3kp0H13jZYEmS1A8Etcw,75
452,ruWTngdiC68O9la27hvvHw,75
453,YQ--LJ7pvjiDSqNv0TuKTQ,75
454,kJAmLFgiIjtjULunpr3NNg,75
455,tXqaK0lBEE1XJbzDPsdFvg,75
456,TVbVii4EUQt9DG7y698zIw,74
457,duw-3Aj7gAKbQG-isS5UtQ,74
458,7UFDAX4wLi6ux5otguYldA,74
459,cyzOijFJ82cae6qH6L8vuw,74
460,XjepvTIfp4iqGq1orODedg,74
461,_3FxLxdg1unUQc3QqIgJuA,74
462,q3YnYPjLuBGRDi_59yTC5g,74
463,KUOa1acSFn6DkO9jp-sn6A,74
464,e7N0AW-sKkJmRIpEovxBAg,74
465,Y07qIurPKiUJDnTZWxZN2A,73
466,9c3LlXubVkbMwIrS8dIp0Q,73
467,1Df5WnLX3DqN6ymlhqznaQ,73
468,TT658qQinO6MBHP9q7rJ8w,73
469,s0vNtuLs1cwEqHTXKiS05w,73
470,XnJeadLrlj9AZB8qSdIR2Q,73
471,O_C-2kZMHGnq3ZDL_OaG6Q,73
472,PJPO9AYkt__t4kSWdSWnfw,73
473,aKcqKNcbwNydCBnvAA4TeQ,73
474,dzKDFiWLkspVBJKGfT0M2g,72
475,R7LyTeiOHLyTNkA8HssBRQ,72
476,dOGLTIMqqQZn8xxBRsU6CQ,72
477,vYOtdnBm-45KQiiHj8jqaw,72
478,zsQk990PubOHjr1YcLkQFw,72
479,0xvdC8F0HmFpAFkJk6nXLg,72
480,NIOwzgujIXKVBEVNTQBXpg,72
481,_Kd0kQ8RF70hJ1ykLqCRyQ,72
482,-LzUYsR54hd8cCiYXTquRA,72
483,Er8DpPwf_lHHv64ncWhD8g,72
484,bzI2YREsxDomhVvvaZmcSw,72
485,l3joBBpkq0ib11dKUpKMAw,71
486,3Jq5LfJ5fmJ5KmuA6VHmzw,71
487,9XelmxS5q9tv7uClvjGqMg,71
488,dxeu5YQIzw0jOp1cSVkimg,71
489,iIwKW2cBAxjElE8eUzjwqA,71
490,5Lcit9Zt6TF9bmKoFMhF0g,71
491,4mb32UmQULqg7IMck28vog,71
492,MwCai0x6GILtK4KkwufZig,71
493,N7yuiiu8jhQ-Fl9Npflreg,70
494,0InA3Ffj8MxyQV9hgsyYcQ,70
495,N8D-5-fW7EkBdKjNYGhu0A,70
496,czyhvf93Txsfxdxqcm16mA,70
497,K2_zfa7cKbg5klHJYqoWnw,70
498,_j2EtQtgLuXGRBfbM5YwZA,70
499,JcFyuyo0Rt6gDiVZ9yJ3VQ,70
500,_kdpjoGrIzA64E6aXHA66w,70
501,km5aBHRss5ir_B0jvEErzQ,70
502,68jn0s0snbO5dhasLaVvDw,69
503,ibFdignja_hNpgCjDYP7Ug,69
504,PtwW1Hwme8Y0wy54zNr8Xw,69
505,bSY97kgQpJ5BrpgW40V1qg,69
506,MqIgMLUdD53r_dmx1goYJg,69
507,74pWjFssgqyhaVg-YCUo3A,69
508,PM0A7ZgbxvtbRCj931PbyQ,68
509,YnmtUJGqQIQL9tz1MRyfqA,68
510,6bgjcFOy4WHMyw62_1V9Pw,68
511,y7Js-07RF8d3N_AEtaw2VQ,68
512,sZsJooAzpKqOvDysphkqpQ,68
513,VWtT4DKxQ4YVRWT88Z5SMA,68
514,SzzrUeJGnl_LQAJXMK8wQw,68
515,BcW7Z9lPmOB_8eS2lEuOqQ,68
516,DVJkxZkLKS76Khb2y6XA6A,68
517,ohz8ljVxcZMo2bMGrBZfgw,68
518,bzyoY6HHZJS39fspg-6DrA,68
519,bRR4gsjHv0F_RnRGjQBqlg,67
520,Q7m8G4579-XYKV3LMW8V7g,67
521,hHe1mFDxxrtejXHfiysJJg,67
522,ytk8XVFegCSdSBXLDZutpw,67
523,YaTlfyPieOXwHH16wzieFg,67
524,vAh6WNioOEw7G9tGhd_JQw,67
525,N4BbeIbQNgtUEEMutu9U3w,66
526,L6qd3x0bHymyxub9dF7lIA,66
527,VR8QvH2g-jEG5EfMzA_G9w,66
528,M-SS_Kr0zlC7v8kBSRa74g,66
529,7-Ba9uSmYYpXgnQRoIPxMQ,66
530,ZrXYLXcEcDvYYBErmafobg,66
531,A4zLP5AyKEEHQr_dWEZKig,66
532,CCRgGKhzxSpl38w7yhqKUw,66
533,5Dccw539NNtnyCgTu5ed5A,66
534,n7V4cD-KqqE3OXk0irJTyA,65
535,UAMTM6LMA2on079oBMFBPQ,65
536,Gdv3qhsDeQzZ2Ag-Tzq6vA,65
537,czx3G3V_f-4ZDg9YKJ0YQA,65
538,0AQnRQw34IQW9-1gJkYnMA,65
539,h7s4MRVvB726jWHCHiQ9kw,65
540,iL2-xJ4-eMsJk88PsbivbQ,65
541,q4v-I9j1v7WqtxR12uEMxQ,65
542,nMaIIKEAW2cTEWbEyeFyXQ,65
543,gRCEObNuHtI61xR32ytqNQ,65
544,5ma1OUQWy_Ds80xUiP7JPQ,65
545,D6K3VT6S8FwFm4u5uN8T8g,65
546,pik4ebdFa0UcUhnNkivFcg,65
547,3FlWR_osNPb8dcqLgHebHw,65
548,0d0i0FaJq1GIeW1rS2D-5w,65
549,nlsibvBeSc8vfus2KuQatA,64
550,YkOCo5ipV2he2WXIAlZb-A,64
551,e13SEvJud_vgeDR_doL4sQ,64
552,AjWFFZN8KwyqJzzi0DyEsw,64
553,tA5mqEP68qjbTFK9c14D7A,64
554,ym5FOqL6tGbgynzwKMHZuw,64
555,GkRF8rSvh9cOQuuPeDh9bg,64
556,dVhGY-mNwTWQzK01Zxuclw,64
557,ZtsnwjxjzMUI6tDZNrJUeA,64
558,Po0QGzgwFrfnGJEi_akCjA,64
559,JbopSXzZIy7id23GJsO9pA,64
560,Jt28TYWanzKrJYYr0Tf1MQ,64
561,DVfCbJhJUDWRlUfrKzaKOA,63
562,rbcfYmJtqwIkk17IeOI5Kw,63
563,ZhLSAiRj9kANxf8m2SBfRA,63
564,Ffhe2cmRyloz3CCdRGvHtA,63
565,4VkLiFoIEjTTpbCRgxjnCQ,63
566,t4bBKVXbr8bIN9nEJIobYg,63
567,iAuOpYDfOTuzQ6OPpEiGwA,63
568,eYJcI9cI6-kJ2NQpYdHcLw,63
569,po0p6NIro0cDrmKkcyPy0w,63
570,ghVhlFpNhfBwWDFGSlt2JA,63
571,OPxWcHK96_cbmiF7legDnA,63
572,Yq92uUpugGyJLvDtcDRunw,63
573,KkmPDIWzvwbBpyqOHT6pcQ,63
574,PIXl4WvAqjl2w9Lj81zXvQ,62
575,Fy4t2XHIRKwMk_ocCZze0Q,62
576,8F-UdXe_YylX3k0L1SEiRg,62
577,2sx52lDoiEtef7xgPCaoBw,62
578,LEzaRCdhDfO2eM75HZNnUQ,62
579,MAuSh7NKoT__CQ4BumoayA,62
580,cPmThZ7Ugpd8eJnIObOy0Q,62
581,-Le6cwbZL4tDZwNHwipfKg,62
582,JPfi__QJAaRzmfh5aOyFEw,62
583,JTFFtWy_chbsHTs95yD_2Q,62
584,xw6G0T2VQZAtta6RcZoAOQ,62
585,_hML_SleB40KkUrMHOZ_-Q,62
586,RnAb4KkRDmWUBWhhZhugZQ,62
587,eUuKXhloFVHdQsLdodcLbw,62
588,I6qFvR-jVDGqDD_iVG38ng,61
589,MqYYYNA-ZYvV-1w5qcmMoA,61
590,HaWU8ICNtjIkCN_ZNrx1hw,61
591,w7r_pDUR56k0raVroQhhww,61
592,uHUcYpGlcdlu5m7oiZGY6w,61
593,W1Vn2G1disKO52jHARIZMA,61
594,hCsJv234v62MgdsUU1j8dQ,61
595,-3zffZUHoY8bQjGfPSoBKQ,61
596,54WM5coZonA0izd2y04p_A,61
597,TrGBHqHVzJM5tk2C1D1ctQ,61
598,TeggG3duunpoy__1Y2SAyQ,61
599,78XbdLi5e42XDxgnxuYacg,61
600,NmOBomyz63TP9Nn2q4Z1rg,61
601,lF4pEu4_55SSFEo6Q58ftQ,61
602,_sh6mIBWZis66mAjkjN8Qg,61
603,dCUuzw3R2rPqKyN2Zl9zRw,60
604,WLblFINiPI18_o1OdDsnVg,60
605,U0UnBjz9DugW2qRZputKBg,60
606,TL5Dtfnf-5hYG13lBF9N2A,60
607,YI08egmS9lWWB6N6MmrePw,60
608,LJt-NO2FhvQxTmBoaaLhTg,60
609,tCYAxj5_pV4RnDpe3_5VpA,60
610,jrE4M9HlYp2AZZ7iQCSIRw,59
611,xEH00X_VoRepWKXQrragmw,59
612,DNSDAtD6uxQkoZkQe2v4ew,59
613,KVqWA98XZwGhJ3YbFNi0vw,59
614,PSRZaGGxXmOmabL2si8pKw,59
615,JjjlhlQ2LEaQMuAug4fDIA,59
616,eJNHwNoCk_hZbK8AeHDZ9g,59
617,PChG1Dm0A6AXIXkXGVK8Fw,59
618,D_mVIUu5XyrHz-7U_z_pDg,59
619,gV63aLTQ06Nff0GzJ0tcUA,59
620,3LWsVfsSmb_Nzbi2YQ-NIA,59
621,-OEIW0dO96-492qa_luxaw,59
622,BhueLLvA0k9G1Lr0WeZX9w,59
623,oljOuU-B7XUNQFPBjed2yQ,59
624,arv3T_av9OoVo3SvxV4TXw,59
625,qpaX3qOHBSOAEDUcIs8SPQ,59
626,BORPULADzZV6_LJZzcsywQ,58
627,m-xsH8VkcYtTTvp2Fa6Ajw,58
628,SsN-SaGGkJn2Qm-jSDQ4aQ,58
629,pFQaji0idkrzv5J-qTQ82Q,58
630,Kbbm6Vd5UdbP10dwjBghRw,58
631,lAR6Lj6-zBxQNqflZt0zTQ,58
632,xB7bsOpJbnK9nHEZw1ARDg,58
633,-WLrZPzjKfrftLWaCi1QZQ,58
634,0q_BHpxbikVtPRRLRu-U0g,58
635,vOfz55MmWgjNQ3BA2PnhgQ,58
636,5QNXZcclknB2PkfeN7FJWQ,58
637,jmyvOW6G2T1fIePvajB4nQ,58
638,xrBQKZbhJMCtaZxeJ0tzTQ,57
639,5z1WIr7E9P2CSzyN5seeSA,57
640,HaPwC4nxs6RPfe1pAQkQ4A,57
641,bgXb5YYzQvHXmM8owZB4fQ,57
642,H8qlBw1YaxMsItfz25-AyA,57
643,uuGL8diLlHfeUeFuod3F-w,57
644,aKEEQqL1UFMieilnylI1gw,57
645,bjSC_jbrypke0l-bXXBmwQ,57
646,6z3cgIE9dJ01wUm43f0yBQ,57
647,beuVp5CZxCdNvQIIPBS2rw,57
648,DLw9rK8Qb6l7ESgxtR47qQ,57
649,DW0ZvWuYaSvMcB_3LG5RGg,57
650,OUP9dy2eu_-2Mga3DpSFfQ,57
651,GTR39A2jwNIS_NV8q2r_JA,57
652,jO3ikdNbF_TGGv87izTkEg,57
653,h3pMMRwqBjMeMtk0_qQzRQ,57
654,eSLwC2iFJOU4UWXyuPiTpg,56
655,BuHbMNbCQzzYi-3Y5w1c4Q,56
656,JRh14J_be0jl7Wbt412vDA,56
657,i3mZIwNi1EiJ7-1A8amoyw,56
658,iRwT2pBa87Y54q8nqfNAzw,56
659,S-egzF2c7bRpCUNbZqV8dg,56
660,VfFHPsPtTW4Mgx0eHDyJiQ,56
661,HFEkIohUqGIudgqbHiK1uA,56
662,kpLt4l5J5kbMD4oxQLC2aA,56
663,0XEqyl_lVaJNHRKxNcjJZg,56
664,k2b3niokS_tosjah_rzCPw,56
665,ZPwx7ktiVluGFVg0L05n5A,56
666,oH6QAuoTLFaX97oqqpLTMg,56
667,-U7tvCtaraTQ9b0zBhpBMA,56
668,f_eiOrEcMnkHB7GvQVOHkQ,56
669,X5uxdU9GHoUAqo2wmbg3OQ,55
670,MpovsyjkSkchD7ssAdEVKQ,55
671,BwuyBsShSQwO3_-SvW6fRA,55
672,QJ6GXAAMkgCZPF0bZk0xLw,55
673,SJU-jRAZS0cXoBGUjX5GUg,55
674,Ssa6XY_RdDRRB9wuVIeIWw,55
675,By7P2EBBvhqoSDj8PnQa8g,55
676,w5CSi-An5meLnxjKSFn0wQ,55
677,YF4QJ_j-PM7cMZja6K1MwQ,55
678,SeNOJ2zYHziptxLuiRINLg,55
679,HmsCerK_rub0Ulo0aC0f9A,55
680,T5nTtSCSRoEYMsZPhF61wg,54
681,NfM1YE-FJCToO1LB36T6lQ,54
682,uu5AtMrz_94e8kk4Gixg9Q,54
683,hQ4IGBbdDcCUh11zUSzwCQ,54
684,kmdFk8ETfXiuoS364jaJFA,54
685,JQLi-Ow9pg391iMzw5LSwg,54
686,7dHYudt6OOIjiaxkSvv3lQ,54
687,lKq4Qsz13FDcAVgp49uukQ,54
688,QteBKpZTRa2dJ3u7MLiXww,54
689,xfzDtGxx6B4a27RAyah69w,54
690,hPclwunHi36YV8cPghWJBg,54
691,_QvGAqMmrUIlxpby2Ul5Dg,54
692,G5or_Fra4-6IYOVlm_dI2Q,54
693,wtxKAHReCUOnPY08KMQcrQ,54
694,kICgNgVRkIh4doz0atyMMA,54
695,WVvqV0cmNR3j7ChPoI74hQ,53
696,939j88ceB05Te3D7kQPwSA,53
697,vHt0CSynqesXox-9nBj7uA,53
698,BxRTF1hmGAzMzkTDsEp2gw,53
699,wlQCPszSqUi2xpGqZsWjLA,53
700,qTTBJ83d-nWSnQpXyd44gA,53
701,PDIh1lVtKlUqPJROXYJQvQ,53
702,S_PEroRv40j1In11gNH2LQ,53
703,4Hx-brYb86k4C1VSKPvj7g,53
704,XBEx2FI2GKmsjs7eWNr7Lw,53
705,qmIHO-6T_KEfPC9jyGDamQ,52
706,8wt-saX_qXaqVCXQHc5qXw,52
707,_y1Et7f4NE6D1P1GzphlIw,52
708,hh-N1r9O1JpvzGw1mp0bKw,52
709,rtlsfmdufArhk-47sWIf2w,52
710,a3APDveO8DSEIp7o1f24hw,52
711,sARavfidmIS878q5BtlyVQ,52
712,2bK1ng2mnRdtTh_BDNGmIg,52
713,lvuuyYZ-CzFrg1BLdV2OPw,52
714,vstifTjwsVFXc1aprX9_iQ,52
715,3nf-a84p8LC41_WAIvJPjg,52
716,AUl6myFhTAbEqt0GMdKHiw,52
717,k-tg18rWRibZ4jKpoqhb0Q,52
718,eoyvbnRYQe-z85e8Rc6vAg,51
719,7yYexN1Q5ShE_z1MH2TDTw,51
720,-_yEVC3_3M6YOsamYfNFEw,51
721,c-NXKTJ0jrrusTPxJAUwvA,51
722,yvqcZrHixuf_oIUW83xUcQ,51
723,5TY6bUT3bbl9aHItiIXXqw,51
724,9cw870n3gsGikVoOT5YOYg,51
725,iI3jcwudiZYMVUeRPy-DwQ,51
726,GC5wcui5uejRZTi8OCNPkQ,51
727,Lq9rYrwvWV5QDBYzq7MGHQ,51
728,nnDLapJk1z2NJE0-XzwMlQ,51
729,ZDvS8DtnkYa8jY703MflEw,51
730,vzrcPqSdRY41GoO5DR5pYA,51
731,3ajqOW9A7VhResA08I7RTg,51
732,Ipkl7KtlqxCe8bMMkwHwPQ,51
733,Er5XAY2UFGGqBHdqpeCFkA,51
734,gqcJHVFCPeBRGnDf8bFzMw,51
735,3Gt3xskppi9jZuTrwrhLNg,51
736,lGy7jJ9oVZUJNkmZj7ewgA,51
737,iiIXOU0L-KUCjuNES2e6Cw,50
738,RSOinkOUpxm0mGw1IWr4Xw,50
739,-Bf8BQ3yMk8U2f45r2DRKw,50
740,nI-ZmgPjAtiNTTU-_gnoYQ,50
741,XhgFynFD7ZT77wofWpeOag,50
742,Lzv68iVkRHstVvW3aXNWkA,50
743,Wg9272hxpu9IBTXMTB6EeQ,50
744,4Bw9XffSa0AMy2SrNCS2KA,50
745,EMrghF81px-wnNqEYqA0Kw,50
746,g62SlImzhs6_1t-knPjd8w,50
747,Yp9w4nhUowBU_IS_StFXbQ,50
748,Y-S2LhHefBdnX8VP5Bh_JA,50
749,44kd3YdkhXj5XiSPs5XNjQ,50
750,Wfl_ch21ojyHsPnkvvnstw,49
751,bjllusUsLq9zE4yZnLpOzg,49
752,CtZ3HujCLTChyoad_L-nHA,49
753,WDYE-OCXNgKyXGNuBjMgEw,49
754,N5CL5HLS6lyltw-OjjBrOw,49
755,Ay34xZOFax3X23zaA3nwdg,49
756,SgSVJWgMwFteYyz4OlHu9Q,49
757,-_TSaVr53qiEGqMkwyEMaQ,49
758,Qf6EnIzKqhXQg4YNkVAqHQ,49
759,agGJSdMTRrkA6VrYMbC-SQ,49
760,HUWLnKD5LSZY134amUO2Rg,49
761,PglC8rgguMIlT621p1BLdQ,49
762,U9aA5H13y7t9xWnoQslV0Q,49
763,9qcTpWYxrZrN13p1zAP6dA,49
764,nu1GQ_Q43JqzrWMZE_dE1Q,49
765,kosTPb88O4Q0XGbVbEOGCA,49
766,kgw8nBO9ZMRhukfnJd6bxg,49
767,WyZAeMGsjUE7OToI4Jdqfw,48
768,9sbXPpRC_wDhCsp7qG2PDw,48
769,TW58a4UkMcksdfQ7znUqsA,48
770,pyqnGlIfP9Zw8LLxBjyAiA,48
771,HnbkGxUs7oWKYDeB-Pk82Q,48
772,hgQOESYp7CF4LnNI90XEiw,48
773,slx9qstc2U2Tc4s7dzbbBg,48
774,MNaPOkqm2vKeNG8EqkZWCg,48
775,DkZnIPTPce-R2uoF-euYyQ,48
776,EdY6q0CO2mlATpoTFkvHAw,48
777,oWD385Ues-RWJmhP_Riz1g,48
778,33Tr0eRki1Yamzleu4GMdw,48
779,2hyciWHsqnbqdEkUvO3KuQ,48
780,59YbAeuiz0isJtRNKATTKw,48
781,YVd2yYNjpiFg2s4ToMRmPA,48
782,dZB5VuI4mCVRz8qQUwUgCg,48
783,rjZ0L-P1SRLJfiK5epnjYg,48
784,h5a8aJ_Pd71JzUGFA-IaAg,48
785,PgQZfKQwW6Q9fIvViD7Xrg,48
786,tWhEnh77yHXDU3fQB3wiRA,47
787,m51uL1LZhKYf2y_yG4NEng,47
788,XDYCIRENiT2doRZgwNJ3SA,47
789,E0OKctOhZpUQgwUUBc_RwA,47
790,MDVbJicJvqaO4WGx0vEabQ,47
791,LtO6vTBfYzlgWArn3kRe_A,47
792,AXyptrkdFAkZ608lOFIJYA,47
793,uuGlYAIvYAX1q1KhpY6dtA,47
794,hgeXEGD9lRX4ohj7afSJnw,47
795,Md6895ZtS3FA8a0pUaH6nw,47
796,C1jQ5CbszJkS_cyWgaRVGQ,47
797,GZONBn0K1yp2aaD-l8debQ,47
798,3fPIRTnBhd81MixgS9YoMQ,47
799,j00iBr6uYnwgFs_J5y9f0w,47
800,1CR2ddUcjYYwRd5JLtiRrw,47
801,inuW6Gl02Mf8G5RRk39_lw,47
802,01VPJkcU0m8WzlA7dCEpVQ,47
803,8Yz1eFsaUy-ny3B6YZDOrg,46
804,3rj1qpgFvkRWtAka17mhEQ,46
805,0gTTGuA6uEmMhLhfJi0hqA,46
806,tro-hrljuY1cUAVFYauTlQ,46
807,WCFz9KVJTtIXSVvD5NMYoQ,46
808,Ki8seQY5mtXc36xjoMfeDA,46
809,b1WGIdd_oSwGYZtC769Shw,46
810,C2T7ecxqsVu99PhSqT3c3g,46
811,dYMhfzyZyklXELmYq_wfKg,46
812,5xdKUuu4DbJ71KGbwRXfFg,46
813,r8hF3kwnZzxTo1IYNcI6rg,46
814,95CCHowiE0W_ovv5-9lQAQ,46
815,Q5sn7sP6v_lk3pxn0xVIlA,46
816,dn51F67VLgPuqy_8SFk9oA,46
817,qFZ7ReYNpjHuvSxOqXqHMg,46
818,W7DwXa_7LNmETFHSQJZ2Lg,46
819,lokPfoken16iTeAJ2PAwmQ,46
820,viji5rHhNlsy9w-JmUhyaw,46
821,qVbZ_VrZEGJKJg9ZpkGzjw,45
822,mnU3iGsL55MCWXiWV3AcAQ,45
823,atVh8viqTj-sqDJ35tAYVg,45
824,2Y0-nrSZNsLRStyupZgM7g,45
825,uDeycmwCy26ALJHeG3SsEA,45
826,kwLlQn95rqiqvmM4Yc2hIg,45
827,JhRxDdmZSGDG_u7cGxaYrw,45
828,jG0m1-899xwYY3IXpTRRCQ,45
829,VUtazCTIc0aoOrQprP_s-Q,45
830,eDdhZZBHEi-TRWQ2xhRI5g,45
831,yy7pPm_QGVRm6exD__Htug,45
832,41b2SLmjLcxTGLVRxASiDA,45
833,0jtRI7hVMpQHpUVtUy4ITw,45
834,zdcesxBdjljRgS0QmCgkBg,45
835,pi4FLFEOn9AhNUxiLbBeHg,44
836,_8yxceldCT7oe0wJC-yDPA,44
837,QMKgn9p_hRUlumBDAAfWlA,44
838,NQXuoB9JTPUItHvouMgWjQ,44
839,Dxaz8OxaadecnWol18kAtw,44
840,KTjfQxsQDKWP0dWXBCyXuA,44
841,Ehy00JWQixgoXzisVKhvag,44
842,6fPQJq4f_yiq1NHn0fd11Q,44
843,MX2OYa2sS5ys_6AiK-gs3A,44
844,1SCETxRnwaYo2aBC3fi4SA,44
845,5JjGTaZkHbbjBrzBODcsAQ,44
846,DHUAQ4pzH9KKzGZDm1jZLg,44
847,1CP8aJa8ILlfM5deroar0Q,44
848,bMZBkFrTI6uSYQB6XYnvnw,44
849,BOMgSyi4-TYAnjVn3m0z3A,44
850,fpM-O9Ul62xizBq9YNO_tQ,43
851,fTtkz2RhWNAp6jKiIzXf_A,43
852,77h11eWv6HKJAgojLx8G4w,43
853,Xs5MqC7-g0vc4nmWDtRZoQ,43
854,zjvnqTjBp56NhMp1GrlO5g,43
855,Lau3N654yNyWdIIybea1uA,43
856,Z3ZSar8IVAR2qIupqxMynA,43
857,VzUo-RURV3VnfNItAYM8yg,43
858,2LNnIARy-lGmrlEMZSxZ1w,43
859,rt-aQTkNfILbxBuATdJ1dA,43
860,mwE5uNVkxCXvEuVa1KQ_3g,43
861,D1czdOwjbkIWbXHqphwvXA,43
862,ngs16C2M_uTq2zXamltHVw,42
863,X11JfeIVH9d6qMrDqA-N7A,42
864,-FNquqGseSCVMWo7KbK-Tg,42
865,q3oJ6bNRV3OoJrwc95GOwg,42
866,B3omTXI--0eiBC7nCv_WXg,42
867,g8oxQ1Ji9mr9PMjhEfaWSg,42
868,iAu8s96GKQ73Xe7j_2GyCQ,42
869,p45zoSxaX9FC6JBoyw6DKg,42
870,64o_nYvzIKwHFOSYSEm-qw,42
871,Yqgyx8SJ5SqFYc-4yH6Z1g,42
872,vDhifJNAtVFGjqJM5hFQkg,42
873,QUxzvPrcWSXCKtYcneXIVA,42
874,aS1qJzTGyluRT2tJ09Jbaw,42
875,foQZ6guS0l49trURKh7vlA,42
876,ppHkkuDvvH8g1Enz6F8OJA,42
877,YUE5S4ReiM4dq9qkKbDMwg,42
878,pUUgVNS5nBSoCJsBa3fDGw,42
879,2I_qSTehoUFsDNjaqCVxlA,42
880,A7jbtXYFAZhErOW7xIQinA,42
881,YRiQtFNteLUUEiGkdQ23vg,42
882,IWN2heYitkg-D4UdqfxcMA,42
883,oJZNHz5UUVUgrZwVBVlpYw,42
884,SEMvJDVnDB4NoPW6tXXO_Q,42
885,2XkVexeY_8zyc9nriSElQg,41
886,TqUVH7Ox_3qEkCxCCS_l3Q,41
887,-sN_og_84rLW22CaE3cjVw,41
888,AA3gAf3qlH6GY9Uw06wUFg,41
889,mswelTP1cQiuAps2fSGuBw,41
890,CZF9Nm8CFY2R9ZhfwYIARQ,41
891,3ZHyw0d8mk0HOEP7v4fW1A,41
892,AoGCnRtwifZ2gTGHtg8KTw,41
893,XsSgv3vBOyOBXn3Co8EVIg,41
894,H5Y6o9H4rtxbHJFgLqI6Fw,41
895,sB1lPLICz4nrOuuqgLv50A,41
896,nTc-Qj_-ABZrpM9YSpJ6jA,41
897,F6p_k-Q6W_kkAb-s_a0Omw,41
898,OPSNdO3LNPMt7qz1MNb42g,41
899,VbEK6-etnKKaPamrG2jWjQ,41
900,CvpXZRF-I7wfm19dW1jOXA,41
901,oDNfrdvMV2Fq0R6vd2XwNw,41
902,5VeKrLlQdJjMmKGwBBvMmw,41
903,QYuojrlW94mpEwnp0uUIWA,41
904,xk-fOf_M39kDTgzfVgu0Tw,41
905,6PqYwabO2g1r2ZB7eImOiw,41
906,zY6f_cFY8HTI3hLlJj3SOg,41
907,YILyHegzhy1vlc_LNVfObw,41
908,BSDKbSLFO3CP-uhfcuUCkA,41
909,6V_7ldr9tjmet0BdAnC34A,41
910,WlBvw6R1Qe2yIaZp-2ilZA,40
911,fUKi8LlQhzsGntuZjfvLWg,40
912,6ANVuBMmpkXpFd5Hzkn4_Q,40
913,UcIrRf2mWgqqlg-HNoDl0A,40
914,g9IeZKQl0TamGI8772vYAQ,40
915,grlL6zmHBOer9rPycsRhBA,40
916,gBy6UXTpoSHhW6qd15XU0g,40
917,c5TOGBUCCUUNBPM7h_KbmQ,40
918,2YBO1LEKIgyle0uX50u15Q,40
919,LZSyWy4IHgXg6QhW2jrBlw,40
920,iX2c4IzH_L5F6FM5GD3SUQ,39
921,DKXUkIrFnMUMF535gf-dPA,39
922,WXSsJIO_uGGSxS9qC8x1gQ,39
923,ZXfMiPsPv-cH7GMQ-5-mhA,39
924,Wbi-x-1Nbn6LFCMOSN6F5Q,39
925,JJAwT9R6Fp2yyWHtWFA8uQ,39
926,EWbNTPW0co_X4lZRB-QTLQ,39
927,oN_A87dyVD2FBk7coLnhCg,39
928,Qor28v4BlhSwtN8DSvah9g,39
929,NaZVUOzqk5b-l0mlki-9Og,39
930,aYfHXWNjLNUVoQa5CMA2jg,39
931,9U4Tqt5SkZKQ6eeH6IPSxQ,39
932,B0Vm2tge4I2JJlZhD4sl0Q,39
933,S5FTckOpSK0_Ma4c18ZEgg,39
934,XwJ6fZRVbxQYRsryy4-qDw,39
935,7EZ4Eu7YJ1ltRCC5jXFJrQ,39
936,H_FkQxifSo13B2FWjhp36g,39
937,aGDo7GDN5YLvpYykpSLkbw,39
938,QmVF3KJ07PsdroCFwOC_Ow,39
939,IU55VgrpLzVKo9sXWbTn3Q,38
940,uh7DUWtPoZkuEE05fghJ_w,38
941,2pV-BNJvTL3f3EiMZlv6_w,38
942,bKbYRUZKDYonSPOjzchJJg,38
943,vLkKorA1gPS97Zj0_WKA0Q,38
944,sUMi2q41l4AzOsmJMRY8zQ,38
945,TspQ9jCczz436RiJHJQYZw,38
946,YYE0C8FeDpB6zqB0kSEh7w,38
947,9d36_PI9Fh7kZ-Pybr2QiA,38
948,ZCQa7CJxZ-53Zxd_pobWug,38
949,etid3CozFvEOFcvDwHXsDw,38
950,TrN8HBHBL4-Tu7cXMDoopQ,38
951,5iSlHNIy3RLbCP5AayB31g,38
952,hubbaEcYPYEZu5Ziz6i0lw,38
953,xmWs-su5eB5_57CIw4sqfw,38
954,UK2Onb024Azao0DrTHSvhg,38
955,01Ov9eDxKRY5k6ImMdiWLQ,38
956,Ch3HkwQYv1YKw_FO06vBWA,38
957,4KmrrhtfnngTVFa2d5LAjg,38
958,1SE9f6TEV5XhnTuuK01xwA,38
959,6qKjl6xJQzLb9ka-QbTudA,38
960,dk1MV0MP32Xq-iBxzewl0A,37
961,FykLjv4tIq618q8F2pvTKg,37
962,ZJ0gQp0fcnIDiZv0m9--Gg,37
963,cghHesD2NXV5yUu-ZAxE2g,37
964,HWl2EbZhkhAkFgqt44yUkA,37
965,H_eO04NZAQIDcbtFQ4BUag,37
966,H8umkLwMkM0vP5B8oPiozQ,37
967,IRbgMt0cVuzK1KSppU16_Q,37
968,F2HKV9oJhnIKQ-M4Gt4Ftg,37
969,Cpb142L849ilMzgiSR4a0w,37
970,w5LUtmw4G1KD7qAntqGd9w,37
971,vGAJwqvfJLoeHdaM-8eRng,37
972,eS76100l3h7Ollb5s3_M4A,37
973,COgwFthJpS4We16W5Gf4lw,37
974,KNTjauGqmib3sG1HWJyKEQ,37
975,ghDNHpqETRJGxG5iUtaZtw,37
976,4X0KWUPcD2EkHN83aa4cXg,37
977,e0JOkQYz_cnz91k6X55PLw,37
978,fAo-3jt3oD69nwnr5M6FLQ,36
979,1aj4TG0eFq6NaPBKk6bK7Q,36
980,03icrim6SfEQJlejDMbzsA,36
981,YYU_E5ASIuS6HHUu8Kv-Xg,36
982,z-OhppazxWfHnUCzFTKQhw,36
983,YeYtDdGRonHddnviDc1q7g,36
984,LgvgD8JllzVmIdme4OP7Eg,36
985,hT86CbF0p75wKqgAEbWVrA,36
986,w6zW6gIyg1sI5V6Wag_SYg,36
987,fAlKTsfsUF6A5iujEI2Z1w,36
988,gOOc6MDdhw7fV0Tf30mfAQ,36
989,qKn9nynsVYIST8rf6tEFRQ,36
990,SDtIdchX9WpKlH5Yst8kjQ,36
991,Uk0_hruW6Ai5Tb47zo7IIQ,36
992,ht9Z_l_Eq4vx-SFsltVlaQ,36
993,7P3Z4HTUM8M8Y9Yw3cc7Pg,36
994,esBRj9uPRzwxaW4Lz1XGLA,36
995,0Hcks5q-DgJbDlmEWolx4A,36
996,TUrQG_XfJA_kCOSN0oUbTQ,36
997,sSmt7JFTDNCcK1KfMVO2hw,36
998,U9nXdynQ2YR5xYx8tM3S7w,36
999,Ta4GRuHyZvU5H_l5IAG1PQ,36
1000,6bU4NFkXbdbvnQBDa9-nfQ,36
